--
-- PostgreSQL database dump
--

\restrict i4ZqQ7B8USgIl14smevKQAQ2j5kuwvApt56assVHRkGbzRQqTmARrdXtvwwvn6i

-- Dumped from database version 17.6
-- Dumped by pg_dump version 17.6

SET statement_timeout = 0;
SET lock_timeout = 0;
SET idle_in_transaction_session_timeout = 0;
SET transaction_timeout = 0;
SET client_encoding = 'UTF8';
SET standard_conforming_strings = on;
SELECT pg_catalog.set_config('search_path', '', false);
SET check_function_bodies = false;
SET xmloption = content;
SET client_min_messages = warning;
SET row_security = off;

--
-- Data for Name: teams; Type: TABLE DATA; Schema: public; Owner: nbc_admin
--

COPY public.teams (id, name, city, state, league, created_at, updated_at) FROM stdin;
198	Ft. Riley CRTC	Ft. Riley	KS	NBC	2025-10-13 12:29:59.421929	2025-10-13 12:29:59.421929
4	Liberal Bee Jays	Liberal	KS	Rocky Mountain Collegiate League	2025-09-05 16:17:17.884329	2025-09-05 16:17:17.884329
5	Seattle Cheney Studs	Seattle	WA	Pacific International League	2025-09-05 16:17:17.885208	2025-09-05 16:17:17.885208
199	Enid AFB Enidairs	Enid	OK	NBC	2025-10-13 12:29:59.421929	2025-10-13 12:29:59.421929
200	Carmichael Firemen	Carmichael	CA	NBC	2025-10-13 12:29:59.421929	2025-10-13 12:29:59.421929
201	Golden Coors	Golden	CO	NBC	2025-10-13 12:29:59.421929	2025-10-13 12:29:59.421929
202	Chatham Blanketeers	Chatham	NC	NBC	2025-10-13 12:29:59.421929	2025-10-13 12:29:59.421929
203	Ft. Wayne G-E Club	Ft. Wayne	IN	NBC	2025-10-13 12:29:59.421929	2025-10-13 12:29:59.421929
3	Hutchinson Monarchs	Hutchinson	KS	Jayhawk Collegiate League	2025-09-05 16:17:17.883308	2025-10-08 15:19:28.541329
163	Lonestar Kraken TX	Texas	TX	Texas Collegiate League	2025-10-08 15:19:28.541329	2025-10-08 15:19:28.541329
6	Hays Larks	Hays	KS	Rocky Mountain Collegiate League	2025-09-05 16:17:17.886032	2025-10-08 15:19:28.541329
165	Seattle Studs	Seattle	WA	Pacific International League	2025-10-08 15:19:28.541329	2025-10-08 15:19:28.541329
166	Alaska Goldpanners	Fairbanks	AK	Alaska Baseball League	2025-10-08 15:19:28.541329	2025-10-08 15:19:28.541329
2	Santa Barbara Foresters	Santa Barbara	CA	California Collegiate League	2025-09-05 16:17:17.877807	2025-10-08 15:19:28.541329
168	Derby Twins	Derby	KS	Kansas Collegiate League	2025-10-08 15:19:28.541329	2025-10-08 15:19:28.541329
169	San Diego Stars	San Diego	CA	Western Baseball Association	2025-10-08 15:19:28.541329	2025-10-08 15:19:28.541329
170	Waynesboro Generals	Waynesboro	VA	Valley Baseball League	2025-10-08 15:19:28.541329	2025-10-08 15:19:28.541329
171	Holyoke Blue Sox	Holyoke	MA	New England Collegiate League	2025-10-08 15:19:28.541329	2025-10-08 15:19:28.541329
172	Milwaukee Brewers Scout Team	Milwaukee	WI	MLB Scout Team	2025-10-08 15:19:28.541329	2025-10-08 15:19:28.541329
173	Boston Blue Sox	Boston	MA	New England Collegiate League	2025-10-08 15:19:28.541329	2025-10-08 15:19:28.541329
174	El Dorado Broncos	El Dorado	KS	Kansas Collegiate League	2025-10-08 15:19:28.541329	2025-10-08 15:19:28.541329
175	Clarinda A's	Clarinda	IA	MINK League	2025-10-08 15:19:28.541329	2025-10-08 15:19:28.541329
176	Wichita Sluggers	Wichita	KS	Kansas Collegiate League	2025-10-08 15:19:28.541329	2025-10-08 15:19:28.541329
177	Boulder Collegians	Boulder	CO	Rocky Mountain Collegiate League	2025-10-08 15:19:28.541329	2025-10-08 15:19:28.541329
184	Dallas Lonestar Kraken	Dallas	TX	NBC	2025-10-10 15:21:31.398114	2025-10-10 15:21:31.398114
185	BTL Hornets	Wichita	KS	NBC	2025-10-10 15:21:31.398114	2025-10-10 15:21:31.398114
186	Kansas Cannons	Wichita	KS	NBC	2025-10-10 15:21:31.398114	2025-10-10 15:21:31.398114
187	Top Prospect Academy TX	Grapevine	TX	NBC	2025-10-10 15:21:31.398114	2025-10-10 15:21:31.398114
188	GPS TX Legends	Dallas	TX	NBC	2025-10-10 15:21:31.398114	2025-10-10 15:21:31.398114
189	MVP Oklahoma	Oklahoma City	OK	NBC	2025-10-10 15:21:31.398114	2025-10-10 15:21:31.398114
190	Duncan Cementers	Duncan	OK	NBC	2025-10-13 12:21:05.352451	2025-10-13 12:21:05.352451
191	Buford Bona Allens	Buford	GA	NBC	2025-10-13 12:21:05.352451	2025-10-13 12:21:05.352451
192	Enid Champlin Refiners	Enid	OK	NBC	2025-10-13 12:21:05.352451	2025-10-13 12:21:05.352451
193	Bismarck Corwin-Churchills	Bismarck	ND	NBC	2025-10-13 12:29:59.421929	2025-10-13 12:29:59.421929
194	Enid Eason Oilers	Enid	OK	NBC	2025-10-13 12:29:59.421929	2025-10-13 12:29:59.421929
195	Silverton Red Sox	Silverton	OR	NBC	2025-10-13 12:29:59.421929	2025-10-13 12:29:59.421929
196	Enid Champlins	Enid	OK	NBC	2025-10-13 12:29:59.421929	2025-10-13 12:29:59.421929
197	Wichita Boeing Bombers	Wichita	KS	NBC	2025-10-13 12:29:59.421929	2025-10-13 12:29:59.421929
204	Ft. Wayne Capeharts	Ft. Wayne	IN	NBC	2025-10-13 12:29:59.421929	2025-10-13 12:29:59.421929
205	Sinton Plymouth Oilers	Sinton	TX	NBC	2025-10-13 12:29:59.421929	2025-10-13 12:29:59.421929
206	Ft. Meyer Colonials	Ft. Meyer	VA	NBC	2025-10-13 12:29:59.421929	2025-10-13 12:29:59.421929
207	Ft. Leonard Wood Hilltoppers	Ft. Leonard Wood	MO	NBC	2025-10-13 12:29:59.421929	2025-10-13 12:29:59.421929
208	Casa Grande Cotton Kings	Casa Grande	AZ	NBC	2025-10-13 12:29:59.421929	2025-10-13 12:29:59.421929
209	Alpine Cowboys	Alpine	TX	NBC	2025-10-13 12:29:59.421929	2025-10-13 12:29:59.421929
210	Ft. Wayne Dairymen	Ft. Wayne	IN	NBC	2025-10-13 12:29:59.421929	2025-10-13 12:29:59.421929
211	Drain Black Sox	Drain	OR	NBC	2025-10-13 12:29:59.421929	2025-10-13 12:29:59.421929
212	Wichita Weller	Wichita	KS	NBC	2025-10-13 12:29:59.421929	2025-10-13 12:29:59.421929
213	Tampa Gibsonton	Tampa	FL	NBC	2025-10-13 12:29:59.421929	2025-10-13 12:29:59.421929
214	Grand Rapids Sullivans	Grand Rapids	MI	NBC	2025-10-13 12:29:59.421929	2025-10-13 12:29:59.421929
215	Wichita Rapid Transit	Wichita	KS	NBC	2025-10-13 12:29:59.421929	2025-10-13 12:29:59.421929
216	Fairbanks Goldpanners	Fairbanks	AK	NBC	2025-10-13 12:29:59.421929	2025-10-13 12:29:59.421929
217	Wichita Service Auto Glass	Wichita	KS	NBC	2025-10-13 12:29:59.421929	2025-10-13 12:29:59.421929
218	Rapid Transit Dreamliners	Wichita	KS	NBC	2025-10-13 12:29:59.421929	2025-10-13 12:29:59.421929
219	Jackson Braves	Jackson	MS	NBC	2025-10-13 12:29:59.421929	2025-10-13 12:29:59.421929
220	Anchorage Glacier Pilots	Anchorage	AK	NBC	2025-10-13 12:29:59.421929	2025-10-13 12:29:59.421929
221	Kenai Peninsula Oilers	Kenai	AK	NBC	2025-10-13 12:29:59.421929	2025-10-13 12:29:59.421929
222	Santa Maria Indians	Santa Maria	CA	NBC	2025-10-13 12:29:59.421929	2025-10-13 12:29:59.421929
223	Mat-Su Miners	Wasilla	AK	NBC	2025-10-13 12:29:59.421929	2025-10-13 12:29:59.421929
224	Everett Merchants	Everett	WA	NBC	2025-10-13 12:29:59.421929	2025-10-13 12:29:59.421929
225	Midlothian White Sox	Midlothian	IL	NBC	2025-10-13 12:29:59.421929	2025-10-13 12:29:59.421929
226	Nevada Griffons	Nevada	MO	NBC	2025-10-13 12:29:59.421929	2025-10-13 12:29:59.421929
227	Dallas Phillies	Dallas	TX	NBC	2025-10-13 12:29:59.421929	2025-10-13 12:29:59.421929
228	Chinese Taipei	Taipei	TW	NBC	2025-10-13 12:29:59.421929	2025-10-13 12:29:59.421929
229	Aloha Knights	Aloha	OR	NBC	2025-10-13 12:29:59.421929	2025-10-13 12:29:59.421929
230	Havasu Heat	Lake Havasu City	AZ	NBC	2025-10-13 12:29:59.421929	2025-10-13 12:29:59.421929
231	Kansas Stars	Wichita	KS	NBC	2025-10-13 12:29:59.421929	2025-10-13 12:29:59.421929
232	Dodge City A's	Dodge City	KS	NBC	2025-10-13 12:43:33.730301	2025-10-13 12:43:33.730301
233	Valley Center Diamond Dawgs	Valley Center	KS	NBC	2025-10-13 12:43:33.730301	2025-10-13 12:43:33.730301
234	San Diego Force	San Diego	CA	NBC	2025-10-13 12:43:33.730301	2025-10-13 12:43:33.730301
235	Beatrice Bruins	Beatrice	NE	NBC	2025-10-13 12:43:33.730301	2025-10-13 12:43:33.730301
236	Prairie Gravel	Prairie	IL	NBC	2025-10-13 12:43:33.730301	2025-10-13 12:43:33.730301
237	San Diego Waves	San Diego	CA	NBC	2025-10-13 12:43:33.730301	2025-10-13 12:43:33.730301
238	USA National Team	Various	USA	NBC	2025-10-13 12:43:33.730301	2025-10-13 12:43:33.730301
239	Elkhart Dusters	Elkhart	KS	NBC	2025-10-13 12:43:33.730301	2025-10-13 12:43:33.730301
240	Dallas Mustangs	Dallas	TX	NBC	2025-10-13 12:43:33.730301	2025-10-13 12:43:33.730301
241	Wichita Broncos	Wichita	KS	NBC	2025-10-13 12:43:33.730301	2025-10-13 12:43:33.730301
242	Hutchinson Broncs	Hutchinson	KS	NBC	2025-10-13 12:43:33.730301	2025-10-13 12:43:33.730301
243	Rapid City Post 22	Rapid City	SD	NBC	2025-10-13 12:43:33.730301	2025-10-13 12:43:33.730301
244	Tallahassee Tigers	Tallahassee	FL	NBC	2025-10-13 12:43:33.730301	2025-10-13 12:43:33.730301
245	Eureka Crabs	Eureka	CA	NBC	2025-10-13 12:43:33.730301	2025-10-13 12:43:33.730301
246	Bismarck ND Corwin-Churchills	Bismarck	ND	NBC	2025-10-15 13:39:19.414871	2025-10-15 13:39:19.414871
247	Duncan OK Halliburtons	Duncan	OK	NBC	2025-10-15 13:39:19.414871	2025-10-15 13:39:19.414871
248	Buford GA Bona Allens	Buford	GA	NBC	2025-10-15 13:39:19.414871	2025-10-15 13:39:19.414871
249	Enid OK Eason Oilers	Enid	OK	NBC	2025-10-15 13:39:19.414871	2025-10-15 13:39:19.414871
250	Mt. Pleasant TX Cubs	Mt. Pleasant	TX	NBC	2025-10-15 13:39:19.414871	2025-10-15 13:39:19.414871
251	Enid OK Champlins	Enid	OK	NBC	2025-10-15 13:39:19.414871	2025-10-15 13:39:19.414871
252	Waco TX Dons	Waco	TX	NBC	2025-10-15 13:39:19.414871	2025-10-15 13:39:19.414871
253	Wichita KS Boeing Bombers	Wichita	KS	NBC	2025-10-15 13:39:19.414871	2025-10-15 13:39:19.414871
254	Camp Wheeler GA Spokes	Camp Wheeler	GA	NBC	2025-10-15 13:39:19.414871	2025-10-15 13:39:19.414871
255	Enid OK Army Air Field	Enid	OK	NBC	2025-10-15 13:39:19.414871	2025-10-15 13:39:19.414871
256	Sherman Field KS Flyers	Sherman Field	KS	NBC	2025-10-15 13:39:19.414871	2025-10-15 13:39:19.414871
257	Orlando FL Army Air Base	Orlando	FL	NBC	2025-10-15 13:39:19.414871	2025-10-15 13:39:19.414871
258	St. Joseph MI Auscos	St. Joseph	MI	NBC	2025-10-15 13:39:19.414871	2025-10-15 13:39:19.414871
259	Carmichael CA Firemen	Carmichael	CA	NBC	2025-10-15 13:39:19.414871	2025-10-15 13:39:19.414871
260	Ft. Wayne IN G-E Club	Ft. Wayne	IN	NBC	2025-10-15 13:39:19.414871	2025-10-15 13:39:19.414871
261	Golden CO Coors	Golden	CO	NBC	2025-10-15 13:39:19.414871	2025-10-15 13:39:19.414871
262	Elkin NC Chatham Blanketeers	Elkin	NC	NBC	2025-10-15 13:39:19.414871	2025-10-15 13:39:19.414871
263	Ft. Wayne IN G-E Capehearts	Ft. Wayne	IN	NBC	2025-10-15 13:39:19.414871	2025-10-15 13:39:19.414871
264	Elk City OK Elks	Elk City	OK	NBC	2025-10-15 13:39:19.414871	2025-10-15 13:39:19.414871
265	Sinton TX Plymouth Oilers	Sinton	TX	NBC	2025-10-15 13:39:19.414871	2025-10-15 13:39:19.414871
266	Atwater CA Packers	Atwater	CA	NBC	2025-10-15 13:39:19.414871	2025-10-15 13:39:19.414871
267	Ft. Myer VA Military Dist. of WA	Ft. Myer	VA	NBC	2025-10-15 13:39:19.414871	2025-10-15 13:39:19.414871
268	Ft. Leonard Wood MO Hilltoppers	Ft. Leonard Wood	MO	NBC	2025-10-15 13:39:19.414871	2025-10-15 13:39:19.414871
269	Springfield MO Generals	Springfield	MO	NBC	2025-10-15 13:39:19.414871	2025-10-15 13:39:19.414871
270	Ft. Wayne IN Dairymen	Ft. Wayne	IN	NBC	2025-10-15 13:39:19.414871	2025-10-15 13:39:19.414871
271	Deming WA Loggers	Deming	WA	NBC	2025-10-15 13:39:19.414871	2025-10-15 13:39:19.414871
272	Drain OR Black Sox	Drain	OR	NBC	2025-10-15 13:39:19.414871	2025-10-15 13:39:19.414871
273	Alpine TX Cowboys	Alpine	TX	NBC	2025-10-15 13:39:19.414871	2025-10-15 13:39:19.414871
274	Houston TX Fed Mart	Houston	TX	NBC	2025-10-15 13:39:19.414871	2025-10-15 13:39:19.414871
275	Elgin IL Athletics	Elgin	IL	NBC	2025-10-15 13:39:19.414871	2025-10-15 13:39:19.414871
276	Grand Rapids MI Sullivans	Grand Rapids	MI	NBC	2025-10-15 13:39:19.414871	2025-10-15 13:39:19.414871
277	Ponchatoula LA Athletics	Ponchatoula	LA	NBC	2025-10-15 13:39:19.414871	2025-10-15 13:39:19.414871
278	Wichita KS Dreamliners	Wichita	KS	NBC	2025-10-15 13:39:19.414871	2025-10-15 13:39:19.414871
279	Fairbanks AK Goldpanners	Fairbanks	AK	NBC	2025-10-15 13:39:19.414871	2025-10-15 13:39:19.414871
280	Wichita KS Glassmen	Wichita	KS	NBC	2025-10-15 13:39:19.414871	2025-10-15 13:39:19.414871
281	Liberal KS Bee Jays	Liberal	KS	NBC	2025-10-15 13:39:19.414871	2025-10-15 13:39:19.414871
282	Boulder CO Collegians	Boulder	CO	NBC	2025-10-15 13:39:19.414871	2025-10-15 13:39:19.414871
283	West Point MS Packers	West Point	MS	NBC	2025-10-15 13:39:19.414871	2025-10-15 13:39:19.414871
284	Honolulu HI Islanders	Honolulu	HI	NBC	2025-10-15 13:39:19.414871	2025-10-15 13:39:19.414871
285	Jackson MS Braves	Jackson	MS	NBC	2025-10-15 13:39:19.414871	2025-10-15 13:39:19.414871
286	Anchorage AK Glacier Pilots	Anchorage	AK	NBC	2025-10-15 13:39:19.414871	2025-10-15 13:39:19.414871
287	Kenai AK Oilers	Kenai	AK	NBC	2025-10-15 13:39:19.414871	2025-10-15 13:39:19.414871
288	Rapid City SD Macy's Diesels	Rapid City	SD	NBC	2025-10-15 13:39:19.414871	2025-10-15 13:39:19.414871
289	Santa Maria CA Indians	Santa Maria	CA	NBC	2025-10-15 13:39:19.414871	2025-10-15 13:39:19.414871
290	Clarinda IA A's	Clarinda	IA	NBC	2025-10-15 13:39:19.414871	2025-10-15 13:39:19.414871
291	Grand Rapids MI Sullivan-Polynesians	Grand Rapids	MI	NBC	2025-10-15 13:39:19.414871	2025-10-15 13:39:19.414871
292	North Pole AK Nicks	North Pole	AK	NBC	2025-10-15 13:39:19.414871	2025-10-15 13:39:19.414871
293	Mat-Su AK Miners	Mat-Su	AK	NBC	2025-10-15 13:39:19.414871	2025-10-15 13:39:19.414871
294	Wichita KS Broncos	Wichita	KS	NBC	2025-10-15 13:39:19.414871	2025-10-15 13:39:19.414871
295	Everett WA Merchants	Everett	WA	NBC	2025-10-15 13:39:19.414871	2025-10-15 13:39:19.414871
296	Midlothian IL White Sox	Midlothian	IL	NBC	2025-10-15 13:39:19.414871	2025-10-15 13:39:19.414871
297	Kenai AK Peninsula Oilers	Kenai	AK	NBC	2025-10-15 13:39:19.414871	2025-10-15 13:39:19.414871
298	Beatrice NE Bruins	Beatrice	NE	NBC	2025-10-15 13:39:19.414871	2025-10-15 13:39:19.414871
299	Team USA	\N	\N	NBC	2025-10-15 13:39:19.414871	2025-10-15 13:39:19.414871
300	Hays KS Larks	Hays	KS	NBC	2025-10-15 13:39:19.414871	2025-10-15 13:39:19.414871
301	El Dorado KS Broncos	El Dorado	KS	NBC	2025-10-15 13:39:19.414871	2025-10-15 13:39:19.414871
302	Tacoma WA Timbers	Tacoma	WA	NBC	2025-10-15 13:39:19.414871	2025-10-15 13:39:19.414871
303	Nevada MO Griffons	Nevada	MO	NBC	2025-10-15 13:39:19.414871	2025-10-15 13:39:19.414871
304	Dallas TX Phillies	Dallas	TX	NBC	2025-10-15 13:39:19.414871	2025-10-15 13:39:19.414871
305	Santa Barbara CA Foresters	Santa Barbara	CA	NBC	2025-10-15 13:39:19.414871	2025-10-15 13:39:19.414871
306	Aloha OR Knights	Aloha	OR	NBC	2025-10-15 13:39:19.414871	2025-10-15 13:39:19.414871
307	Prairie Gravel IL	\N	\N	NBC	2025-10-15 13:39:19.414871	2025-10-15 13:39:19.414871
308	Derby KS Twins	Derby	KS	NBC	2025-10-15 13:39:19.414871	2025-10-15 13:39:19.414871
309	Havasu AZ Heat	Havasu	AZ	NBC	2025-10-15 13:39:19.414871	2025-10-15 13:39:19.414871
310	Seattle WA Studs	Seattle	WA	NBC	2025-10-15 13:39:19.414871	2025-10-15 13:39:19.414871
\.


--
-- Data for Name: championships; Type: TABLE DATA; Schema: public; Owner: nbc_admin
--

COPY public.championships (id, year, champion_team_id, runner_up_team_id, championship_score, mvp_player_id, leading_pitcher_id) FROM stdin;
22	2025	3	163	21-4	153	\N
21	2024	6	3	9-4	169	160
1	2023	3	2	5-3	154	\N
2	2022	2	165	3-1	170	\N
3	2021	2	6	6-5	171	\N
4	2020	2	165	8-4	172	\N
5	2019	165	186	3-1	173	\N
106	2018	2	232	\N	174	\N
105	2017	231	233	\N	175	\N
104	2016	2	6	\N	176	\N
103	2015	165	4	\N	177	\N
102	2014	2	165	\N	178	\N
25	1937	249	248	\N	\N	\N
26	1938	248	249	\N	\N	\N
27	1939	247	250	\N	\N	\N
28	1940	251	250	\N	\N	\N
29	1941	251	252	\N	\N	\N
30	1942	253	252	\N	\N	\N
31	1943	254	255	\N	\N	\N
32	1944	256	255	\N	\N	\N
33	1945	255	257	\N	\N	\N
34	1946	258	259	\N	\N	\N
35	1947	260	261	\N	\N	\N
36	1948	260	262	\N	\N	\N
37	1949	260	261	\N	\N	\N
38	1950	263	264	\N	\N	\N
39	1951	265	266	\N	\N	\N
40	1952	267	268	\N	\N	\N
41	1953	268	253	\N	\N	\N
42	1954	253	269	\N	\N	\N
43	1955	253	265	\N	\N	\N
44	1956	270	271	\N	\N	\N
45	1957	265	270	\N	\N	\N
46	1958	272	273	\N	\N	\N
47	1959	274	275	\N	\N	\N
48	1960	276	277	\N	\N	\N
49	1961	277	276	\N	\N	\N
50	1962	278	279	\N	\N	\N
51	1963	278	277	\N	\N	\N
52	1964	280	279	\N	\N	\N
53	1965	278	281	\N	\N	\N
54	1966	282	283	\N	\N	\N
55	1967	282	284	\N	\N	\N
56	1968	281	285	\N	\N	\N
57	1969	286	281	\N	\N	\N
58	1970	276	286	\N	\N	\N
59	1971	286	279	\N	\N	\N
60	1972	279	286	\N	\N	\N
61	1973	279	281	\N	\N	\N
62	1974	279	282	\N	\N	\N
63	1975	282	279	\N	\N	\N
64	1976	279	286	\N	\N	\N
65	1977	287	279	\N	\N	\N
66	1978	282	288	\N	\N	\N
67	1979	281	289	\N	\N	\N
68	1980	279	281	\N	\N	\N
69	1981	290	281	\N	\N	\N
70	1982	289	286	\N	\N	\N
71	1983	291	279	\N	\N	\N
72	1984	291	281	\N	\N	\N
73	1985	281	292	\N	\N	\N
74	1986	286	291	\N	\N	\N
75	1987	293	294	\N	\N	\N
76	1988	295	296	\N	\N	\N
77	1989	294	276	\N	\N	\N
78	1990	294	296	\N	\N	\N
79	1991	286	297	\N	\N	\N
80	1992	296	281	\N	\N	\N
81	1993	297	298	\N	\N	\N
82	1994	297	294	\N	\N	\N
83	1995	299	300	\N	\N	\N
84	1996	301	302	\N	\N	\N
85	1997	293	303	\N	\N	\N
86	1998	301	303	\N	\N	\N
87	1999	304	297	\N	\N	\N
88	2000	281	300	\N	\N	\N
89	2001	286	300	\N	\N	\N
90	2002	279	286	\N	\N	\N
91	2003	228	305	\N	\N	\N
92	2004	306	293	\N	\N	\N
93	2005	307	305	\N	\N	\N
94	2006	305	308	\N	\N	\N
95	2007	309	300	\N	\N	\N
96	2008	305	310	\N	\N	\N
97	2009	301	286	\N	\N	\N
98	2010	281	310	2-1	182	\N
99	2011	305	297	4-2	256	\N
100	2012	305	310	6-2	180	\N
101	2013	305	310	6-2	180	\N
23	1935	246	247	\N	\N	\N
24	1936	247	248	\N	\N	\N
\.


--
-- Data for Name: hall_of_fame; Type: TABLE DATA; Schema: public; Owner: nbc_admin
--

COPY public.hall_of_fame (id, inductee_name, induction_year, player_id, category, bio, name) FROM stdin;
1	Kevin Hooper	2024	\N	Player	\N	Kevin Hooper
2	Mike Blue	2024	\N	Player	\N	Mike Blue
3	Bruce Konopka	2024	\N	Player	\N	Bruce Konopka
\.


--
-- Data for Name: mlb_alumni; Type: TABLE DATA; Schema: public; Owner: nbc_admin
--

COPY public.mlb_alumni (id, player_id, mlb_teams, nbc_teams, nbc_years, active) FROM stdin;
\.


--
-- Name: championships_id_seq; Type: SEQUENCE SET; Schema: public; Owner: nbc_admin
--

SELECT pg_catalog.setval('public.championships_id_seq', 106, true);


--
-- Name: hall_of_fame_id_seq; Type: SEQUENCE SET; Schema: public; Owner: nbc_admin
--

SELECT pg_catalog.setval('public.hall_of_fame_id_seq', 13, true);


--
-- Name: mlb_alumni_id_seq; Type: SEQUENCE SET; Schema: public; Owner: nbc_admin
--

SELECT pg_catalog.setval('public.mlb_alumni_id_seq', 1, false);


--
-- Name: teams_id_seq; Type: SEQUENCE SET; Schema: public; Owner: nbc_admin
--

SELECT pg_catalog.setval('public.teams_id_seq', 310, true);


--
-- PostgreSQL database dump complete
--

\unrestrict i4ZqQ7B8USgIl14smevKQAQ2j5kuwvApt56assVHRkGbzRQqTmARrdXtvwwvn6i

